IGS v,1.10
DDF Path,C:\FLIT_VOIC\5919\5919_180423_FLIT1.DDF
OFP Software Part Number,5539950401
Aircraft Type,EMB-314
Aircraft Serial Number,A29B 5919
Recorder Serial Number,0000189
DECOMP:,5522252701,Creator:,5531701101,CDF:,1804231412,DDF:,18-APR-23,14:20:18
--------------------------------------------------------------------------------
Rec #,TIME,AIRBRK,BLDAIR,ENGFIRE,CANOPY,LDG,WOW,ENG_START,HFPTT,ACPM,ACPMV,AIL_POS,ALTR,ALTRV,AOA,AOAV,APA,APAV,APR,APRV,ARA,ARAV,ARR,ARRV,AS,ASV,ATP,ATPV,AYR,AYRV,BALT,BALTV,BARO1,BARO1V,BARO2,BARO2V,CLPM,CLPMV,CUR_WPN_CAGE,CUR_WPN_COCK,CUR_WPN_FUZE,CUR_WPN_MALF,CUR_WPN_PROF,CUR_WPN_RANG,CUR_WPN_SIGH,CUR_WPN_STAT,CUR_WPN_STEP,CUR_WPN_TRIG,CUR_WPN_WRB,CUR_WPNV,DISD1_MODE,DISD1_MAN,DISD1_START,DISD1_IDLE,DISD1_SHUTDN,DISD1_FLIGHT,DISD1_PMUW,DISD1_NPR,DISD1_CAM,DISD1_RIGCIP,DISD1_TOMC,DISD1_AT,DISD1_CL,DISD1_CR,DISD1_SHUT,DISD1_KBLANK,DISD1V,ELE_POS,EMER,EMERV,ERRL_LOUBD,ERRL_LINBD,ERRL_CL,ERRL_RINBD,ERRL_ROUBD,ERRLV,ETP,ETPV,FF,FFV,FLAP,FLAPV,FR,FRV,GMT_HOUR,GMT_MIN,GMT_SEC,GMTV,GPSLAT,LATV,GPSLONG,LONGV,GSDEV,GSDEVV,GUN_1_COCK,GUN_1_COUNT,GUN_1_MALF,GUN_1_RANGE,GUN_1_SEL,GUN_1_SIGHT,GUN_1V,GUN_2_COCK,GUN_2_COUNT,GUN_2_MALF,GUN_2_RANGE,GUN_2_SEL,GUN_2_SIGHT,GUN_2V,INFM,INFMV,ITT,ITTV,LDEV,LDEVV,LIPM,LIPMV,LOPM,LOPMV,MACH,MACHV,MAG_HDG,MAG_HDGV,MODE_AD_AID,MODE_ALIGN,MODE_INIT,MODE_MAINT,MODEV,MW1_FPS1,MW1_FPS1ADC,MW1_FMNADC,MW1_FTPS1,MW1_FT1,MW1_FT5,MW1_FTOTTQ,MW1_FNG,MW1_FNP,MW1_FQ,MW1_SUBIDLE,MW1_FLUART1,MW1_FLUART2,MW1_FLARINC,MW1_FOATADC,MW1_FRT5BT,MW1V,MW2_FWF,MW2_FPCL,MW2_FAPCL,MW2_FDCDIS,MW2_FSTRTDIS,MW2_FRIGDIS,MW2_FWOW,MW2_FPMADIS,MW2_NOSMM,MW2_FRCPLA,MW2_FCREEP,MW2_FDCU,MW2_FRQGT,MW2_FRQBT,MW2_FLOWVOLT,MW2_RORIGGNG,MW2V,MW3_FWFLOOP,MW3_FBALOOP,MW3_FPIUTM,MW3_FFMUSM,MW3_FPMUFDIS,MW3_FPMUWDIS,MW3_FIGNDIS,MW3_FNPCSA,MW3_FNPRDIS,MW3_FQBUGDIS,MW3_FTMWA,MW3_FPMUHW,MW3_FAILEEWR,MW3_FTTCOAT,MW3_FTTCPS1,MW3_FSHUTDIS,MW3V,MWC_DATA,MWC_ACTIVATE,MWCV,NG,NGV,NP,NPV,NX,NY,NZ,OP,OPV,OT,OTV,PALT,PALTV,PCL,PCLV,PS_FR,PS_FRV,PY1_QUANT,PY1_RACK,PY1_STATUS,PY1_WEAPON,PY1V,PY2_QUANT,PY2_RACK,PY2_STATUS,PY2_WEAPON,PY2V,PY3_QUANT,PY3_RACK,PY3_STATUS,PY3_WEAPON,PY3V,PY4_QUANT,PY4_RACK,PY4_STATUS,PY4_WEAPON,PY4V,PY5_QUANT,PY5_RACK,PY5_STATUS,PY5_WEAPON,PY5V,Q,QV,QA,QAV,QT,QTV,RAD_ALT,RAD_ALTV,RIPM,RIPMV,ROPM,ROPMV,RTP,RTPV,RUD_POS,SP_1,SPRES,SPRESV,SYS_MODE,SYS_MODEV,T1,T1V,TPRES,TPRESV,USPRES,USPRESV,VADR_HOURS,VADR_MINUTES,VADR_SECOND,VADR_DAY,VADR_MONTH,VADR_YEAR,VALIDARINC,STIME
,HH:MM:SS.FFF,,,,,,,,,Kg,,degrees,ft/min,,degrees,,degrees,,deg/sec,,degrees,,deg/sec,,knots,,%,,deg/sec,,feet,,hPa,,inHg,,Kg,,,,,,,,,,,,,,,,,,,,,,,,,,,,,,,degrees,Volts,,,,,,,,%,,Kg/hr,,,,Kg,,hours,minutes,seconds,,degrees,,degrees,,DDM,,,,,,,,,,,,,,,,Kg,,degrees C,,DDM,,Kg,,Kg,,M,,degrees,,,,,,,,,,,,,,,,,,,,,,,,,,,,,,,,,,,,,,,,,,,,,,,,,,,,,,,,,,,,,% RPM,,% RPM,,G,G,G,lb/in^2,,degrees C,,feet,,degrees,,Kg,,,,,,,,,,,,,,,,,,,,,,,,,,,%,,%,,%,,feet,,Kg,,Kg,,%,,degrees,,hPa,,,,degrees C,,hPa,,hPa,,,,,,,,,
0,00:11:53.844,1,0,0,0,0,1,1,1,19,3,0.32,0,3,0.00000,1,3.1091230,3,-0.187500,3,0.0988769531250,3,0.062500,3,6.9375,1,48,3,-0.171875,3,159,3,1009.9,0,29.820,0,19,3,0,0,0,0,1,0,0,0,0,0,0,0,0,1,0,0,1,0,1,1,1,0,0,1,0,0,1,0,0,12.6,27.750,3,0,0,0,0,0,0,48,3,0,3,1,0,495,3,9,51,41,3,-6.0,3,-35.3,3,0.0000000,1,0,0,0,0,0,2,0,0,0,0,0,0,2,0,500,3,191,3,0.0000,1,0,3,0,3,0.0019375,3,-110.0715,3,1,0,0,0,3,0,0,0,0,0,0,0,0,0,0,0,0,0,0,0,0,0,0,0,0,0,0,0,0,0,0,0,0,0,0,0,0,0,0,0,0,0,0,0,0,0,0,0,0,0,0,0,0,0,0,0,31,0,0,0.0,3,0.0,3,0.04,0.00,0.95,8,3,57,3,252,3,-4.8339829,3,495,3,000,0,0,0,0,000,0,0,0,0,000,0,0,0,0,000,0,0,0,0,000,0,0,0,0,0.0,3,8.5,3,70.0,3,0,1,0,3,0,3,0,1,-0.5,00000,1004.03125,3,0,0,44.8,3,1004.12500,3,1004.03125,3,6,49,43,18,4,2023,0,00022DD3
1,00:11:53.969,,,,,,,,,,,,,,,,,,,,,,,,6.9375,1,,,,,,,,,,,,,,,,,,,,,,,,,,,,,,,,,,,,,,,,,,,,,,,,,,,,,,,,,,,,,,,,,,,,,,,,,,,,,,,,,,,,,,,,,,,,,,,,,,,,,,,,,,,,,,,,,,,,,,,,,,,,,,,,,,,,,,,,,,,,,,,,,,,,,,,,,,,,,,,,,,0.95,,,,,,,,,,,,,,,,,,,,,,,,,,,,,,,,,,,,,,,,,,,,,,,,,,,,,,,,,,,,,,,,,,,,0,00022DEC
2,00:11:54.094,,,,,,,1,,,,0.00,,,,,3.1091230,3,,,0.0988769531250,3,,,6.9375,1,,,,,,,,,,,,,,,,,,,,,,,,,,,,,,,,,,,,,,,,,,12.3,,,,,,,,,,,,,,,,,,,,,,,,,,,,,,,,,,,,,,,,,,,,,,,,,,,,,-110.0660,3,,,,,,,,,,,,,,,,,,,,,,,,,,,,,,,,,,,,,,,,,,,,,,,,,,,,,,,,,,,,,,,,0.03,-0.01,0.97,,,,,,,,,,,,,,,,,,,,,,,,,,,,,,,,,,,,,,,,,,,,,,,,,,-0.5,,,,,,,,,,,,,,,,,,0,00022E05
3,00:11:54.219,,,,,,,,,,,,,,,,,,,,,,,,6.9375,1,,,,,,,,,,,,,,,,,,,,,,,,,,,,,,,,,,,,,,,,,,,,,,,,,,,,,,,,,,,,,,,,,,,,,,,,,,,,,,,,,,,,,,,,,,,,,,,,,,,,,,,,,,,,,,,,,,,,,,,,,,,,,,,,,,,,,,,,,,,,,,,,,,,,,,,,,,,,,,,,,,0.97,,,,,,,,,,,,,,,,,,,,,,,,,,,,,,,,,,,,,,,,,,,,,,,,,,,,,,,,,,,,,,,,,,,,0,00022E1E
4,00:11:54.344,,,,,,,1,,,,-0.96,,,,,3.1091230,3,,,0.0988769531250,3,,,7.0000,1,,,,,,,,,,,,,,,,,,,,,,,,,,,,,,,,,,,,,,,,,,11.5,,,,,,,,,,,,,,,,,,,,,,,,,,,,,,,,,,,,,,,,,,,,,,,,,,,,,-110.0715,3,,,,,,,,,,,,,,,,,,,,,,,,,,,,,,,,,,,,,,,,,,,,,,,,,,,,,,,,,,,,,,,,0.03,-0.01,0.97,,,,,,,,,,,,,,,,,,,,,,,,,,,,,,,,,,,,,,,,,,,,,,,,,,-1.5,,,,,,,,,,,,,,,,,,0,00022E37
5,00:11:54.469,,,,,,,,,,,,,,,,,,,,,,,,7.0625,1,,,,,,,,,,,,,,,,,,,,,,,,,,,,,,,,,,,,,,,,,,,,,,,,,,,,,,,,,,,,,,,,,,,,,,,,,,,,,,,,,,,,,,,,,,,,,,,,,,,,,,,,,,,,,,,,,,,,,,,,,,,,,,,,,,,,,,,,,,,,,,,,,,,,,,,,,,,,,,,,,,0.97,,,,,,,,,,,,,,,,,,,,,,,,,,,,,,,,,,,,,,,,,,,,,,,,,,,,,,,,,,,,,,,,,,,,0,00022E50
6,00:11:54.594,1,0,0,0,0,1,1,1,19,3,-0.64,0,3,,,3.1091230,3,-0.187500,3,0.0988769531250,3,0.062500,3,7.0625,1,48,3,-0.171875,3,159,3,1009.9,0,29.820,0,19,3,,,,,,,,,,,,,,,,,,,,,,,,,,,,,,11.8,,,,,,,,,48,3,,,,,,,9,51,42,3,-6.0,3,-35.3,3,0.0000000,1,,,,,,,,,,,,,,,500,3,,,0.0000,1,0,3,0,3,0.0019375,3,-110.0660,3,1,0,0,0,3,,,,,,,,,,,,,,,,,,,,,,,,,,,,,,,,,,,,,,,,,,,,,,,,,,,,,,,,,,,0.04,0.00,0.97,,,,,252,3,,,,,,,,,,,,,,,,,,,,,,,,,,,,,,,,,,,,,,0,3,0,3,,,-1.5,,1004.03125,3,,,,,1004.12500,3,1004.03125,3,6,49,44,18,4,2023,0,00022E69
7,00:11:54.719,,,,,,,,,,,,,,0.00000,1,,,,,,,,,7.1250,1,,,,,,,,,,,,,0,0,0,0,1,0,0,0,0,0,0,0,0,1,1,0,1,0,1,1,1,0,0,1,0,0,1,0,0,,21.250,3,0,0,0,0,0,0,,,3,3,1,0,495,3,,,,,,,,,,,0,0,0,0,0,2,0,0,0,0,0,0,2,0,,,191,3,,,,,,,,,,,,,,,,0,0,0,0,0,0,0,0,0,0,0,0,0,0,0,0,0,0,0,0,0,0,0,0,0,0,0,0,0,0,0,0,0,0,0,0,0,0,0,0,0,0,0,0,0,0,0,0,0,0,0,31,0,0,0.0,3,0.0,3,,,0.97,8,3,57,3,,,-4.8339829,3,495,3,000,0,0,0,0,000,0,0,0,0,000,0,0,0,0,000,0,0,0,0,000,0,0,0,0,0.0,3,8.5,3,70.0,3,0,1,,,,,0,1,,00000,,,0,0,44.8,3,,,,,,,,,,,0,00022E7B
8,00:11:54.844,,,,,,,1,,,,-0.32,,,,,3.1091230,3,,,0.0988769531250,3,,,7.1875,1,,,,,,,,,,,,,,,,,,,,,,,,,,,,,,,,,,,,,,,,,,11.8,,,,,,,,,,,,,,,,,,,,,,,,,,,,,,,,,,,,,,,,,,,,,,,,,,,,,-110.0715,3,,,,,,,,,,,,,,,,,,,,,,,,,,,,,,,,,,,,,,,,,,,,,,,,,,,,,,,,,,,,,,,,0.04,0.00,0.97,,,,,,,,,,,,,,,,,,,,,,,,,,,,,,,,,,,,,,,,,,,,,,,,,,-1.0,,,,,,,,,,,,,,,,,,0,00022E94
9,00:11:54.969,,,,,,,,,,,,,,,,,,,,,,,,7.1875,1,,,,,,,,,,,,,,,,,,,,,,,,,,,,,,,,,,,,,,,,,,,,,,,,,,,,,,,,,,,,,,,,,,,,,,,,,,,,,,,,,,,,,,,,,,,,,,,,,,,,,,,,,,,,,,,,,,,,,,,,,,,,,,,,,,,,,,,,,,,,,,,,,,,,,,,,,,,,,,,,,,0.96,,,,,,,,,,,,,,,,,,,,,,,,,,,,,,,,,,,,,,,,,,,,,,,,,,,,,,,,,,,,,,,,,,,,0,00022EAD
10,00:11:55.094,,,,,,,1,,,,-0.32,,,,,3.1091230,3,,,0.0988769531250,3,,,7.1875,1,,,,,,,,,,,,,,,,,,,,,,,,,,,,,,,,,,,,,,,,,,12.0,,,,,,,,,,,,,,,,,,,,,,,,,,,,,,,,,,,,,,,,,,,,,,,,,,,,,-110.0715,3,,,,,,,,,,,,,,,,,,,,,,,,,,,,,,,,,,,,,,,,,,,,,,,,,,,,,,,,,,,,,,,,0.04,0.00,0.97,,,,,,,,,,,,,,,,,,,,,,,,,,,,,,,,,,,,,,,,,,,,,,,,,,-1.0,,,,,,,,,,,,,,,,,,0,00022EC6
11,00:11:55.219,,,,,,,,,,,,,,,,,,,,,,,,7.1875,1,,,,,,,,,,,,,,,,,,,,,,,,,,,,,,,,,,,,,,,,,,,,,,,,,,,,,,,,,,,,,,,,,,,,,,,,,,,,,,,,,,,,,,,,,,,,,,,,,,,,,,,,,,,,,,,,,,,,,,,,,,,,,,,,,,,,,,,,,,,,,,,,,,,,,,,,,,,,,,,,,,0.97,,,,,,,,,,,,,,,,,,,,,,,,,,,,,,,,,,,,,,,,,,,,,,,,,,,,,,,,,,,,,,,,,,,,0,00022EDF
12,00:11:55.344,,,,,,,1,,,,0.00,,,,,3.1091230,3,,,0.0988769531250,3,,,7.1875,1,,,,,,,,,,,,,,,,,,,,,,,,,,,,,,,,,,,,,,,,,,12.0,,,,,,,,,,,,,,,,,,,,,,,,,,,,,,,,,,,,,,,,,,,,,,,,,,,,,-110.0715,3,,,,,,,,,,,,,,,,,,,,,,,,,,,,,,,,,,,,,,,,,,,,,,,,,,,,,,,,,,,,,,,,0.04,0.00,0.97,,,,,,,,,,,,,,,,,,,,,,,,,,,,,,,,,,,,,,,,,,,,,,,,,,-1.0,,,,,,,,,,,,,,,,,,0,00022EF8
13,00:11:55.469,,,,,,,,,,,,,,,,,,,,,,,,7.1875,1,,,,,,,,,,,,,,,,,,,,,,,,,,,,,,,,,,,,,,,,,,,,,,,,,,,,,,,,,,,,,,,,,,,,,,,,,,,,,,,,,,,,,,,,,,,,,,,,,,,,,,,,,,,,,,,,,,,,,,,,,,,,,,,,,,,,,,,,,,,,,,,,,,,,,,,,,,,,,,,,,,0.97,,,,,,,,,,,,,,,,,,,,,,,,,,,,,,,,,,,,,,,,,,,,,,,,,,,,,,,,,,,,,,,,,,,,0,00022F11
14,00:11:55.594,1,0,0,0,0,1,1,1,19,3,0.00,-16,3,,,3.1091230,3,-0.015625,3,0.0988769531250,3,0.000000,3,7.1875,1,48,3,-0.031250,3,159,3,1009.9,0,29.820,0,19,3,,,,,,,,,,,,,,,,,,,,,,,,,,,,,,12.3,,,,,,,,,48,3,,,,,,,9,51,43,3,-6.0,3,-35.3,3,0.0000000,1,,,,,,,,,,,,,,,500,3,,,0.0000,1,0,3,0,3,0.0021875,3,-110.0715,3,1,0,0,0,3,,,,,,,,,,,,,,,,,,,,,,,,,,,,,,,,,,,,,,,,,,,,,,,,,,,,,,,,,,,0.04,0.00,0.97,,,,,251,3,,,,,,,,,,,,,,,,,,,,,,,,,,,,,,,,,,,,,,0,3,0,3,,,-0.5,,1004.03125,3,,,,,1004.12500,3,1004.03125,3,6,49,45,18,4,2023,0,00022F2A
15,00:11:55.719,,,,,,,,,,,,,,0.00000,1,,,,,,,,,7.1875,1,,,,,,,,,,,,,0,0,0,0,1,0,0,0,0,0,0,0,0,1,1,0,1,0,1,1,1,0,0,1,0,0,1,0,0,,18.500,3,0,0,0,0,0,0,,,218,3,1,0,495,3,,,,,,,,,,,0,0,0,0,0,2,0,0,0,0,0,0,2,0,,,188,3,,,,,,,,,,,,,,,,0,0,0,0,0,0,0,0,0,0,0,0,0,0,0,0,0,0,0,0,0,0,0,0,0,0,0,0,0,0,0,0,0,0,0,0,0,0,0,0,0,0,0,0,0,0,0,0,0,0,0,31,0,0,0.0,3,0.0,3,,,0.97,8,3,57,3,,,-4.8339829,3,495,3,000,0,0,0,0,000,0,0,0,0,000,0,0,0,0,000,0,0,0,0,000,0,0,0,0,0.0,3,8.5,3,70.5,3,0,1,,,,,0,1,,00000,,,0,0,44.8,3,,,,,,,,,,,0,00022F43
16,00:11:55.844,,,,,,,1,,,,0.00,,,,,3.1091230,3,,,0.0988769531250,3,,,7.1875,1,,,,,,,,,,,,,,,,,,,,,,,,,,,,,,,,,,,,,,,,,,12.3,,,,,,,,,,,,,,,,,,,,,,,,,,,,,,,,,,,,,,,,,,,,,,,,,,,,,-110.0715,3,,,,,,,,,,,,,,,,,,,,,,,,,,,,,,,,,,,,,,,,,,,,,,,,,,,,,,,,,,,,,,,,0.04,0.00,0.97,,,,,,,,,,,,,,,,,,,,,,,,,,,,,,,,,,,,,,,,,,,,,,,,,,-0.5,,,,,,,,,,,,,,,,,,0,00022F5C
17,00:11:55.969,,,,,,,,,,,,,,,,,,,,,,,,7.1875,1,,,,,,,,,,,,,,,,,,,,,,,,,,,,,,,,,,,,,,,,,,,,,,,,,,,,,,,,,,,,,,,,,,,,,,,,,,,,,,,,,,,,,,,,,,,,,,,,,,,,,,,,,,,,,,,,,,,,,,,,,,,,,,,,,,,,,,,,,,,,,,,,,,,,,,,,,,,,,,,,,,0.97,,,,,,,,,,,,,,,,,,,,,,,,,,,,,,,,,,,,,,,,,,,,,,,,,,,,,,,,,,,,,,,,,,,,0,00022F75
18,00:11:56.094,,,,,,,1,,,,0.32,,,,,3.1091230,3,,,0.0988769531250,3,,,7.1250,1,,,,,,,,,,,,,,,,,,,,,,,,,,,,,,,,,,,,,,,,,,12.3,,,,,,,,,,,,,,,,,,,,,,,,,,,,,,,,,,,,,,,,,,,,,,,,,,,,,-110.0715,3,,,,,,,,,,,,,,,,,,,,,,,,,,,,,,,,,,,,,,,,,,,,,,,,,,,,,,,,,,,,,,,,0.04,0.00,0.97,,,,,,,,,,,,,,,,,,,,,,,,,,,,,,,,,,,,,,,,,,,,,,,,,,-0.5,,,,,,,,,,,,,,,,,,0,00022F8E
19,00:11:56.219,,,,,,,,,,,,,,,,,,,,,,,,7.1250,1,,,,,,,,,,,,,,,,,,,,,,,,,,,,,,,,,,,,,,,,,,,,,,,,,,,,,,,,,,,,,,,,,,,,,,,,,,,,,,,,,,,,,,,,,,,,,,,,,,,,,,,,,,,,,,,,,,,,,,,,,,,,,,,,,,,,,,,,,,,,,,,,,,,,,,,,,,,,,,,,,,0.96,,,,,,,,,,,,,,,,,,,,,,,,,,,,,,,,,,,,,,,,,,,,,,,,,,,,,,,,,,,,,,,,,,,,0,00022FA7
20,00:11:56.344,,,,,,,1,,,,0.32,,,,,3.1091230,3,,,0.0988769531250,3,,,7.0625,1,,,,,,,,,,,,,,,,,,,,,,,,,,,,,,,,,,,,,,,,,,12.6,,,,,,,,,,,,,,,,,,,,,,,,,,,,,,,,,,,,,,,,,,,,,,,,,,,,,-110.0715,3,,,,,,,,,,,,,,,,,,,,,,,,,,,,,,,,,,,,,,,,,,,,,,,,,,,,,,,,,,,,,,,,0.04,0.00,0.97,,,,,,,,,,,,,,,,,,,,,,,,,,,,,,,,,,,,,,,,,,,,,,,,,,-0.5,,,,,,,,,,,,,,,,,,0,00022FC0
21,00:11:56.469,,,,,,,,,,,,,,,,,,,,,,,,7.0625,1,,,,,,,,,,,,,,,,,,,,,,,,,,,,,,,,,,,,,,,,,,,,,,,,,,,,,,,,,,,,,,,,,,,,,,,,,,,,,,,,,,,,,,,,,,,,,,,,,,,,,,,,,,,,,,,,,,,,,,,,,,,,,,,,,,,,,,,,,,,,,,,,,,,,,,,,,,,,,,,,,,0.97,,,,,,,,,,,,,,,,,,,,,,,,,,,,,,,,,,,,,,,,,,,,,,,,,,,,,,,,,,,,,,,,,,,,0,00022FD9
22,00:11:56.594,1,0,0,0,0,1,1,1,19,3,0.32,-16,3,,,3.1091230,3,-0.031250,3,0.0988769531250,3,0.000000,3,7.0625,1,48,3,0.000000,3,159,3,1009.9,0,29.820,0,19,3,,,,,,,,,,,,,,,,,,,,,,,,,,,,,,12.6,,,,,,,,,48,3,,,,,,,9,51,44,3,-6.0,3,-35.3,3,0.0000000,1,,,,,,,,,,,,,,,500,3,,,0.0000,1,0,3,0,3,0.0021250,3,-110.0660,3,1,0,0,0,3,,,,,,,,,,,,,,,,,,,,,,,,,,,,,,,,,,,,,,,,,,,,,,,,,,,,,,,,,,,0.04,0.00,0.97,,,,,252,3,,,,,,,,,,,,,,,,,,,,,,,,,,,,,,,,,,,,,,0,3,0,3,,,-0.5,,1004.03125,3,,,,,1004.12500,3,1004.06250,3,6,49,46,18,4,2023,0,00022FF2
23,00:11:56.719,,,,,,,,,,,,,,0.00000,1,,,,,,,,,7.0000,1,,,,,,,,,,,,,0,0,0,0,1,0,0,0,0,0,0,0,0,1,1,0,1,0,1,1,1,0,0,1,0,0,1,0,0,,20.000,3,0,0,0,0,0,0,,,500,3,1,0,495,3,,,,,,,,,,,0,0,0,0,0,2,0,0,0,0,0,0,2,0,,,181,3,,,,,,,,,,,,,,,,0,0,0,0,0,0,0,0,0,0,0,0,0,0,0,0,0,0,0,0,0,0,0,0,0,0,0,0,0,0,0,0,0,0,0,0,0,0,0,0,0,0,0,0,0,0,0,0,0,0,0,31,0,0,10.3,3,0.0,3,,,0.97,8,3,57,3,,,-4.8339829,3,495,3,000,0,0,0,0,000,0,0,0,0,000,0,0,0,0,000,0,0,0,0,000,0,0,0,0,0.0,3,8.5,3,70.0,3,0,1,,,,,0,1,,00000,,,0,0,44.8,3,,,,,,,,,,,0,0002300B
24,00:11:56.844,,,,,,,1,,,,0.32,,,,,3.1091230,3,,,0.0988769531250,3,,,7.0000,1,,,,,,,,,,,,,,,,,,,,,,,,,,,,,,,,,,,,,,,,,,12.6,,,,,,,,,,,,,,,,,,,,,,,,,,,,,,,,,,,,,,,,,,,,,,,,,,,,,-110.0715,3,,,,,,,,,,,,,,,,,,,,,,,,,,,,,,,,,,,,,,,,,,,,,,,,,,,,,,,,,,,,,,,,0.04,0.00,0.97,,,,,,,,,,,,,,,,,,,,,,,,,,,,,,,,,,,,,,,,,,,,,,,,,,-0.5,,,,,,,,,,,,,,,,,,0,00023024
25,00:11:56.969,,,,,,,,,,,,,,,,,,,,,,,,7.0000,1,,,,,,,,,,,,,,,,,,,,,,,,,,,,,,,,,,,,,,,,,,,,,,,,,,,,,,,,,,,,,,,,,,,,,,,,,,,,,,,,,,,,,,,,,,,,,,,,,,,,,,,,,,,,,,,,,,,,,,,,,,,,,,,,,,,,,,,,,,,,,,,,,,,,,,,,,,,,,,,,,,0.97,,,,,,,,,,,,,,,,,,,,,,,,,,,,,,,,,,,,,,,,,,,,,,,,,,,,,,,,,,,,,,,,,,,,0,0002303D
26,00:11:57.094,,,,,,,1,,,,0.32,,,,,3.1091230,3,,,0.0988769531250,3,,,7.0000,1,,,,,,,,,,,,,,,,,,,,,,,,,,,,,,,,,,,,,,,,,,12.6,,,,,,,,,,,,,,,,,,,,,,,,,,,,,,,,,,,,,,,,,,,,,,,,,,,,,-110.0715,3,,,,,,,,,,,,,,,,,,,,,,,,,,,,,,,,,,,,,,,,,,,,,,,,,,,,,,,,,,,,,,,,0.04,-0.01,0.97,,,,,,,,,,,,,,,,,,,,,,,,,,,,,,,,,,,,,,,,,,,,,,,,,,-0.5,,,,,,,,,,,,,,,,,,0,00023056
27,00:11:57.219,,,,,,,,,,,,,,,,,,,,,,,,7.0000,1,,,,,,,,,,,,,,,,,,,,,,,,,,,,,,,,,,,,,,,,,,,,,,,,,,,,,,,,,,,,,,,,,,,,,,,,,,,,,,,,,,,,,,,,,,,,,,,,,,,,,,,,,,,,,,,,,,,,,,,,,,,,,,,,,,,,,,,,,,,,,,,,,,,,,,,,,,,,,,,,,,0.96,,,,,,,,,,,,,,,,,,,,,,,,,,,,,,,,,,,,,,,,,,,,,,,,,,,,,,,,,,,,,,,,,,,,0,0002306F
28,00:11:57.344,,,,,,,1,,,,0.32,,,,,3.1091230,3,,,0.0988769531250,3,,,6.9375,1,,,,,,,,,,,,,,,,,,,,,,,,,,,,,,,,,,,,,,,,,,12.6,,,,,,,,,,,,,,,,,,,,,,,,,,,,,,,,,,,,,,,,,,,,,,,,,,,,,-110.0660,3,,,,,,,,,,,,,,,,,,,,,,,,,,,,,,,,,,,,,,,,,,,,,,,,,,,,,,,,,,,,,,,,0.03,0.00,0.97,,,,,,,,,,,,,,,,,,,,,,,,,,,,,,,,,,,,,,,,,,,,,,,,,,-0.5,,,,,,,,,,,,,,,,,,0,00023088
29,00:11:57.469,,,,,,,,,,,,,,,,,,,,,,,,6.8750,1,,,,,,,,,,,,,,,,,,,,,,,,,,,,,,,,,,,,,,,,,,,,,,,,,,,,,,,,,,,,,,,,,,,,,,,,,,,,,,,,,,,,,,,,,,,,,,,,,,,,,,,,,,,,,,,,,,,,,,,,,,,,,,,,,,,,,,,,,,,,,,,,,,,,,,,,,,,,,,,,,,0.97,,,,,,,,,,,,,,,,,,,,,,,,,,,,,,,,,,,,,,,,,,,,,,,,,,,,,,,,,,,,,,,,,,,,0,000230A1
30,00:11:57.594,1,0,0,0,0,1,1,1,19,3,0.32,-16,3,,,3.1091230,3,-0.015625,3,0.0988769531250,3,0.015625,3,6.8750,1,48,3,-0.062500,3,159,3,1009.9,0,29.820,0,19,3,,,,,,,,,,,,,,,,,,,,,,,,,,,,,,12.6,,,,,,,,,48,3,,,,,,,9,51,45,3,-6.0,3,-35.3,3,0.0000000,1,,,,,,,,,,,,,,,500,3,,,0.0000,1,0,3,0,3,0.0019375,3,-110.0715,3,1,0,0,0,3,,,,,,,,,,,,,,,,,,,,,,,,,,,,,,,,,,,,,,,,,,,,,,,,,,,,,,,,,,,0.04,-0.01,0.97,,,,,251,3,,,,,,,,,,,,,,,,,,,,,,,,,,,,,,,,,,,,,,0,3,0,3,,,-0.5,,1004.03125,3,,,,,1004.12500,3,1004.03125,3,6,49,47,18,4,2023,0,000230BA
31,00:11:57.719,,,,,,,,,,,,,,0.00000,1,,,,,,,,,6.8125,1,,,,,,,,,,,,,0,0,0,0,1,0,0,0,0,0,0,0,0,1,1,0,1,0,1,1,1,0,0,1,0,0,1,0,0,,20.875,3,0,0,0,0,0,0,,,500,3,1,0,495,3,,,,,,,,,,,0,0,0,0,0,2,0,0,0,0,0,0,2,0,,,172,3,,,,,,,,,,,,,,,,0,0,0,0,0,0,0,0,0,0,0,0,0,0,0,0,0,0,0,0,0,0,0,0,0,0,0,0,0,0,0,0,0,0,0,0,0,0,0,0,0,0,0,0,0,0,0,0,0,0,0,31,0,0,13.6,3,0.0,3,,,0.96,8,3,57,3,,,-4.8339829,3,495,3,000,0,0,0,0,000,0,0,0,0,000,0,0,0,0,000,0,0,0,0,000,0,0,0,0,0.0,3,8.5,3,70.0,3,0,1,,,,,0,1,,00000,,,0,0,44.8,3,,,,,,,,,,,0,000230D3
32,00:11:57.844,,,,,,,1,,,,0.32,,,,,3.1091230,3,,,0.0988769531250,3,,,6.7500,1,,,,,,,,,,,,,,,,,,,,,,,,,,,,,,,,,,,,,,,,,,12.6,,,,,,,,,,,,,,,,,,,,,,,,,,,,,,,,,,,,,,,,,,,,,,,,,,,,,-110.0660,3,,,,,,,,,,,,,,,,,,,,,,,,,,,,,,,,,,,,,,,,,,,,,,,,,,,,,,,,,,,,,,,,0.04,0.00,0.96,,,,,,,,,,,,,,,,,,,,,,,,,,,,,,,,,,,,,,,,,,,,,,,,,,-0.5,,,,,,,,,,,,,,,,,,0,000230EC
33,00:11:57.969,,,,,,,,,,,,,,,,,,,,,,,,6.6875,1,,,,,,,,,,,,,,,,,,,,,,,,,,,,,,,,,,,,,,,,,,,,,,,,,,,,,,,,,,,,,,,,,,,,,,,,,,,,,,,,,,,,,,,,,,,,,,,,,,,,,,,,,,,,,,,,,,,,,,,,,,,,,,,,,,,,,,,,,,,,,,,,,,,,,,,,,,,,,,,,,,0.97,,,,,,,,,,,,,,,,,,,,,,,,,,,,,,,,,,,,,,,,,,,,,,,,,,,,,,,,,,,,,,,,,,,,0,00023105
34,00:11:58.094,,,,,,,1,,,,0.32,,,,,3.1091230,3,,,0.0988769531250,3,,,6.6875,1,,,,,,,,,,,,,,,,,,,,,,,,,,,,,,,,,,,,,,,,,,12.6,,,,,,,,,,,,,,,,,,,,,,,,,,,,,,,,,,,,,,,,,,,,,,,,,,,,,-110.0715,3,,,,,,,,,,,,,,,,,,,,,,,,,,,,,,,,,,,,,,,,,,,,,,,,,,,,,,,,,,,,,,,,0.04,0.00,0.97,,,,,,,,,,,,,,,,,,,,,,,,,,,,,,,,,,,,,,,,,,,,,,,,,,-0.5,,,,,,,,,,,,,,,,,,0,0002311E
35,00:11:58.219,,,,,,,,,,,,,,,,,,,,,,,,6.6875,1,,,,,,,,,,,,,,,,,,,,,,,,,,,,,,,,,,,,,,,,,,,,,,,,,,,,,,,,,,,,,,,,,,,,,,,,,,,,,,,,,,,,,,,,,,,,,,,,,,,,,,,,,,,,,,,,,,,,,,,,,,,,,,,,,,,,,,,,,,,,,,,,,,,,,,,,,,,,,,,,,,0.97,,,,,,,,,,,,,,,,,,,,,,,,,,,,,,,,,,,,,,,,,,,,,,,,,,,,,,,,,,,,,,,,,,,,0,00023137
36,00:11:58.344,,,,,,,1,,,,0.32,,,,,3.1091230,3,,,0.0988769531250,3,,,6.6875,1,,,,,,,,,,,,,,,,,,,,,,,,,,,,,,,,,,,,,,,,,,12.6,,,,,,,,,,,,,,,,,,,,,,,,,,,,,,,,,,,,,,,,,,,,,,,,,,,,,-110.0660,3,,,,,,,,,,,,,,,,,,,,,,,,,,,,,,,,,,,,,,,,,,,,,,,,,,,,,,,,,,,,,,,,0.04,-0.01,0.96,,,,,,,,,,,,,,,,,,,,,,,,,,,,,,,,,,,,,,,,,,,,,,,,,,-0.5,,,,,,,,,,,,,,,,,,0,00023150
37,00:11:58.469,,,,,,,,,,,,,,,,,,,,,,,,6.6875,1,,,,,,,,,,,,,,,,,,,,,,,,,,,,,,,,,,,,,,,,,,,,,,,,,,,,,,,,,,,,,,,,,,,,,,,,,,,,,,,,,,,,,,,,,,,,,,,,,,,,,,,,,,,,,,,,,,,,,,,,,,,,,,,,,,,,,,,,,,,,,,,,,,,,,,,,,,,,,,,,,,0.97,,,,,,,,,,,,,,,,,,,,,,,,,,,,,,,,,,,,,,,,,,,,,,,,,,,,,,,,,,,,,,,,,,,,0,00023169
38,00:11:58.594,1,0,0,0,0,1,1,1,19,3,0.32,-16,3,,,3.1091230,3,0.031250,3,0.0988769531250,3,-0.015625,3,6.7500,1,48,3,-0.031250,3,159,3,1009.9,0,29.820,0,19,3,,,,,,,,,,,,,,,,,,,,,,,,,,,,,,12.6,,,,,,,,,48,3,,,,,,,9,51,46,3,-6.0,3,-35.3,3,0.0000000,1,,,,,,,,,,,,,,,500,3,,,0.0000,1,0,3,0,3,0.0018125,3,-110.0715,3,1,0,0,0,3,,,,,,,,,,,,,,,,,,,,,,,,,,,,,,,,,,,,,,,,,,,,,,,,,,,,,,,,,,,0.04,0.00,0.96,,,,,251,3,,,,,,,,,,,,,,,,,,,,,,,,,,,,,,,,,,,,,,0,3,0,3,,,-0.5,,1004.06250,3,,,,,1004.12500,3,1004.06250,3,6,49,48,18,4,2023,0,00023182
39,00:11:58.719,,,,,,,,,,,,,,0.00000,1,,,,,,,,,6.7500,1,,,,,,,,,,,,,0,0,0,0,1,0,0,0,0,0,0,0,0,1,1,0,1,0,1,1,1,0,0,1,0,0,1,0,0,,21.625,3,0,0,0,0,0,0,,,500,3,1,0,495,3,,,,,,,,,,,0,0,0,0,0,2,0,0,0,0,0,0,2,0,,,163,3,,,,,,,,,,,,,,,,0,0,0,0,0,0,0,0,0,0,0,0,0,0,0,0,0,0,0,0,0,0,0,0,0,0,0,0,0,0,0,0,0,0,0,0,0,0,0,0,0,0,0,0,0,0,0,0,0,0,0,31,0,0,16.1,3,0.0,3,,,0.97,8,3,57,3,,,-4.7460923,3,495,3,000,0,0,0,0,000,0,0,0,0,000,0,0,0,0,000,0,0,0,0,000,0,0,0,0,0.0,3,8.5,3,70.5,3,0,1,,,,,0,1,,00000,,,0,0,44.8,3,,,,,,,,,,,0,0002319B
40,00:11:58.844,,,,,,,1,,,,0.32,,,,,3.1091230,3,,,0.0988769531250,3,,,6.7500,1,,,,,,,,,,,,,,,,,,,,,,,,,,,,,,,,,,,,,,,,,,12.6,,,,,,,,,,,,,,,,,,,,,,,,,,,,,,,,,,,,,,,,,,,,,,,,,,,,,-110.0715,3,,,,,,,,,,,,,,,,,,,,,,,,,,,,,,,,,,,,,,,,,,,,,,,,,,,,,,,,,,,,,,,,0.04,-0.01,0.97,,,,,,,,,,,,,,,,,,,,,,,,,,,,,,,,,,,,,,,,,,,,,,,,,,-0.5,,,,,,,,,,,,,,,,,,0,000231B4
41,00:11:58.969,,,,,,,,,,,,,,,,,,,,,,,,6.6875,1,,,,,,,,,,,,,,,,,,,,,,,,,,,,,,,,,,,,,,,,,,,,,,,,,,,,,,,,,,,,,,,,,,,,,,,,,,,,,,,,,,,,,,,,,,,,,,,,,,,,,,,,,,,,,,,,,,,,,,,,,,,,,,,,,,,,,,,,,,,,,,,,,,,,,,,,,,,,,,,,,,0.97,,,,,,,,,,,,,,,,,,,,,,,,,,,,,,,,,,,,,,,,,,,,,,,,,,,,,,,,,,,,,,,,,,,,0,000231CD
